-- ============================================================
-- MONEY_2026 — Données de test enrichies (seed)
-- 3 utilisateurs · 8 comptes · ~200 mouvements · 6 mois
-- ============================================================
USE MONEY_2026;

SET FOREIGN_KEY_CHECKS = 0;

TRUNCATE TABLE Mouvement;
TRUNCATE TABLE Virement;
TRUNCATE TABLE Tiers;
TRUNCATE TABLE SousCategorie;
TRUNCATE TABLE Categorie;
TRUNCATE TABLE Compte;
TRUNCATE TABLE Utilisateur;

SET FOREIGN_KEY_CHECKS = 1;

-- ============================================================
-- UTILISATEURS
-- ============================================================
-- hashcode = bcrypt('password123')
INSERT INTO Utilisateur (idUtilisateur, nomUtilisateur, prenomUtilisateur, login, hashcode, ville, codePostal) VALUES
                                                                                                                   (1, 'Dupont',   'Jean',    'jean.dupont',    '$2y$10$PESb1/V8lehPMdFy4b.m7u2t90DPzoP7SkzIh1flg0OMjYR0gA4mS', 'Paris',      '75001'),
                                                                                                                   (2, 'Martin',   'Sophie',  'sophie.martin',  '$2y$10$PESb1/V8lehPMdFy4b.m7u2t90DPzoP7SkzIh1flg0OMjYR0gA4mS', 'Lyon',       '69001'),
                                                                                                                   (3, 'Leclerc',  'Thomas',  'thomas.leclerc', '$2y$10$PESb1/V8lehPMdFy4b.m7u2t90DPzoP7SkzIh1flg0OMjYR0gA4mS', 'Bordeaux',   '33000');

-- ============================================================
-- CATÉGORIES
-- ============================================================
INSERT INTO Categorie (idCategorie, nomCategorie, idUtilisateur) VALUES
                                                                     (1, 'Alimentation', 1),
                                                                     (2, 'Logement', 1),
                                                                     (3, 'Transport', 1),
                                                                     (4, 'Loisirs', 1),
                                                                     (5, 'Santé', 1),
                                                                     (6, 'Revenus', 1),
                                                                     (7, 'Alimentation', 2),
                                                                     (8, 'Logement', 2),
                                                                     (9, 'Transport', 2),
                                                                     (10, 'Loisirs', 2),
                                                                     (11, 'Santé', 2),
                                                                     (12, 'Revenus', 2),
                                                                     (13, 'Alimentation', 3),
                                                                     (14, 'Logement', 3),
                                                                     (15, 'Transport', 3),
                                                                     (16, 'Loisirs', 3),
                                                                     (17, 'Santé', 3),
                                                                     (18, 'Revenus', 3);

-- ============================================================
-- SOUS-CATÉGORIES
-- ============================================================
INSERT INTO SousCategorie (idSousCategorie, nomSousCategorie, idcategorie) VALUES
                                                                               (1, 'Supermarché', 1),
                                                                               (2, 'Restaurant', 1),
                                                                               (3, 'Boulangerie', 1),
                                                                               (4, 'Loyer', 2),
                                                                               (5, 'Électricité / Gaz', 2),
                                                                               (6, 'Internet', 2),
                                                                               (7, 'Carburant', 3),
                                                                               (8, 'Transports commun', 3),
                                                                               (9, 'Entretien voiture', 3),
                                                                               (10, 'Cinéma', 4),
                                                                               (11, 'Abonnement streaming', 4),
                                                                               (12, 'Sport / Fitness', 4),
                                                                               (13, 'Médecin', 5),
                                                                               (14, 'Pharmacie', 5),
                                                                               (15, 'Mutuelle', 5),
                                                                               (16, 'Salaire', 6),
                                                                               (17, 'Prime', 6),
                                                                               (18, 'Remboursement', 6),
                                                                               (19, 'Supermarché', 7),
                                                                               (20, 'Restaurant', 7),
                                                                               (21, 'Boulangerie', 7),
                                                                               (22, 'Loyer', 8),
                                                                               (23, 'Électricité / Gaz', 8),
                                                                               (24, 'Internet', 8),
                                                                               (25, 'Carburant', 9),
                                                                               (26, 'Transports commun', 9),
                                                                               (27, 'Entretien voiture', 9),
                                                                               (28, 'Cinéma', 10),
                                                                               (29, 'Abonnement streaming', 10),
                                                                               (30, 'Sport / Fitness', 10),
                                                                               (31, 'Médecin', 11),
                                                                               (32, 'Pharmacie', 11),
                                                                               (33, 'Mutuelle', 11),
                                                                               (34, 'Salaire', 12),
                                                                               (35, 'Prime', 12),
                                                                               (36, 'Remboursement', 12),
                                                                               (37, 'Supermarché', 13),
                                                                               (38, 'Restaurant', 13),
                                                                               (39, 'Boulangerie', 13),
                                                                               (40, 'Loyer', 14),
                                                                               (41, 'Électricité / Gaz', 14),
                                                                               (42, 'Internet', 14),
                                                                               (43, 'Carburant', 15),
                                                                               (44, 'Transports commun', 15),
                                                                               (45, 'Entretien voiture', 15),
                                                                               (46, 'Cinéma', 16),
                                                                               (47, 'Abonnement streaming', 16),
                                                                               (48, 'Sport / Fitness', 16),
                                                                               (49, 'Médecin', 17),
                                                                               (50, 'Pharmacie', 17),
                                                                               (51, 'Mutuelle', 17),
                                                                               (52, 'Salaire', 18),
                                                                               (53, 'Prime', 18),
                                                                               (54, 'Remboursement', 18);

-- ============================================================
-- COMPTES
-- ============================================================
INSERT INTO Compte (idCompte, descriptionCompte, nomBanque, idUtilisateur, montantInitial) VALUES
                                                                                               (1, 'Compte Courant', 'BNP Paribas', 1, 2500.0),
                                                                                               (2, 'Livret A', 'BNP Paribas', 1, 8000.0),
                                                                                               (3, 'Compte Joint', 'Crédit Agricole', 1, 500.0),
                                                                                               (4, 'Compte Courant', 'Société Générale', 2, 1800.0),
                                                                                               (5, 'Compte Épargne', 'Société Générale', 2, 5000.0),
                                                                                               (6, 'Compte Courant', 'LCL', 3, 3200.0),
                                                                                               (7, 'Livret Épargne', 'LCL', 3, 12000.0),
                                                                                               (8, 'Compte Pro', 'Boursorama', 3, 6500.0);

-- ============================================================
-- TIERS
-- ============================================================
INSERT INTO Tiers (idTiers, nomTiers, idUtilisateur, idSousCategorieDefaut) VALUES
                                                                                (1, 'Carrefour', 1, 1),
                                                                                (2, 'Lidl', 1, 1),
                                                                                (3, 'McDonald''s', 1, 2),
  (4, 'Paul Boulangerie', 1, 3),
  (5, 'Propriétaire', 1, 4),
  (6, 'EDF', 1, 5),
  (7, 'Orange', 1, 6),
  (8, 'Total Énergies', 1, 7),
  (9, 'RATP', 1, 8),
  (10, 'Gaumont', 1, 10),
  (11, 'Netflix', 1, 11),
  (12, 'Basic Fit', 1, 12),
  (13, 'Dr. Bernard', 1, 13),
  (14, 'Pharmacie Centrale', 1, 14),
  (15, 'Employeur SA', 1, 16),
  (16, 'Auchan', 2, 19),
  (17, 'Picard', 2, 19),
  (18, 'Subway', 2, 20),
  (19, 'Agence Immo', 2, 22),
  (20, 'Engie', 2, 23),
  (21, 'Free', 2, 24),
  (22, 'Shell', 2, 25),
  (23, 'TCL Lyon', 2, 26),
  (24, 'UGC', 2, 28),
  (25, 'Spotify', 2, 29),
  (26, 'Employeur SARL', 2, 34),
  (27, 'Intermarché', 3, 37),
  (28, 'Burger King', 3, 38),
  (29, 'Boulangerie du Coin', 3, 39),
  (30, 'Bailleur SCI', 3, 40),
  (31, 'Électricité Bx', 3, 41),
  (32, 'SFR', 3, 42),
  (33, 'BP Station', 3, 43),
  (34, 'TBM Bordeaux', 3, 44),
  (35, 'CGR Bordeaux', 3, 46),
  (36, 'Amazon Prime', 3, 47),
  (37, 'Salle CrossFit', 3, 48),
  (38, 'Médecin Leclerc', 3, 49),
  (39, 'Client SARL', 3, 54);

-- ============================================================
-- MOUVEMENTS (~200 lignes sur 6 mois : jan–juin 2026)
-- ============================================================
INSERT INTO Mouvement (dateMouvement, idCompte, idTiers, idCategorie, idSousCategorie, montant, typeMouvement) VALUES
  ('2026-01-01', 1, 15, 6, 16, 2800.00, 'C'),
  ('2026-01-02', 1, 5, 2, 4, -950.00, 'D'),
  ('2026-01-03', 1, 6, 2, 5, -98.37, 'D'),
  ('2026-01-05', 1, 7, 2, 6, -29.99, 'D'),
  ('2026-01-06', 1, 8, 3, 7, -80.95, 'D'),
  ('2026-01-04', 1, 9, 3, 8, -86.40, 'D'),
  ('2026-01-05', 1, 1, 1, 1, -71.16, 'D'),
  ('2026-01-16', 1, 1, 1, 1, -97.37, 'D'),
  ('2026-01-13', 1, 2, 1, 1, -33.48, 'D'),
  ('2026-01-16', 1, 3, 1, 2, -12.73, 'D'),
  ('2026-01-03', 1, 4, 1, 3, -7.19, 'D'),
  ('2026-01-15', 1, 11, 4, 11, -15.99, 'D'),
  ('2026-01-23', 1, 10, 4, 10, -19.03, 'D'),
  ('2026-01-01', 1, 12, 4, 12, -24.99, 'D'),
  ('2026-02-01', 1, 15, 6, 16, 2800.00, 'C'),
  ('2026-02-02', 1, 5, 2, 4, -950.00, 'D'),
  ('2026-02-03', 1, 6, 2, 5, -93.67, 'D'),
  ('2026-02-05', 1, 7, 2, 6, -29.99, 'D'),
  ('2026-02-10', 1, 8, 3, 7, -69.68, 'D'),
  ('2026-02-08', 1, 9, 3, 8, -86.40, 'D'),
  ('2026-02-08', 1, 1, 1, 1, -82.26, 'D'),
  ('2026-02-15', 1, 1, 1, 1, -103.12, 'D'),
  ('2026-02-10', 1, 2, 1, 1, -57.93, 'D'),
  ('2026-02-15', 1, 3, 1, 2, -18.39, 'D'),
  ('2026-02-07', 1, 4, 1, 3, -14.57, 'D'),
  ('2026-02-15', 1, 11, 4, 11, -15.99, 'D'),
  ('2026-02-01', 1, 12, 4, 12, -24.99, 'D'),
  ('2026-02-20', 1, 14, 5, 14, -11.27, 'D'),
  ('2026-03-01', 1, 15, 6, 16, 2800.00, 'C'),
  ('2026-03-02', 1, 5, 2, 4, -950.00, 'D'),
  ('2026-03-03', 1, 6, 2, 5, -82.80, 'D'),
  ('2026-03-05', 1, 7, 2, 6, -29.99, 'D'),
  ('2026-03-08', 1, 8, 3, 7, -84.66, 'D'),
  ('2026-03-10', 1, 9, 3, 8, -86.40, 'D'),
  ('2026-03-06', 1, 1, 1, 1, -124.57, 'D'),
  ('2026-03-22', 1, 1, 1, 1, -87.54, 'D'),
  ('2026-03-12', 1, 2, 1, 1, -33.15, 'D'),
  ('2026-03-14', 1, 3, 1, 2, -31.08, 'D'),
  ('2026-03-20', 1, 4, 1, 3, -13.85, 'D'),
  ('2026-03-15', 1, 11, 4, 11, -15.99, 'D'),
  ('2026-03-20', 1, 10, 4, 10, -18.66, 'D'),
  ('2026-03-01', 1, 12, 4, 12, -24.99, 'D'),
  ('2026-04-01', 1, 15, 6, 16, 2800.00, 'C'),
  ('2026-04-02', 1, 5, 2, 4, -950.00, 'D'),
  ('2026-04-03', 1, 6, 2, 5, -102.27, 'D'),
  ('2026-04-05', 1, 7, 2, 6, -29.99, 'D'),
  ('2026-04-06', 1, 8, 3, 7, -78.14, 'D'),
  ('2026-04-05', 1, 9, 3, 8, -86.40, 'D'),
  ('2026-04-04', 1, 1, 1, 1, -128.43, 'D'),
  ('2026-04-16', 1, 1, 1, 1, -76.61, 'D'),
  ('2026-04-12', 1, 2, 1, 1, -55.43, 'D'),
  ('2026-04-15', 1, 3, 1, 2, -15.74, 'D'),
  ('2026-04-12', 1, 4, 1, 3, -7.10, 'D'),
  ('2026-04-15', 1, 11, 4, 11, -15.99, 'D'),
  ('2026-04-01', 1, 12, 4, 12, -24.99, 'D'),
  ('2026-04-18', 1, 14, 5, 14, -30.46, 'D'),
  ('2026-05-01', 1, 15, 6, 16, 2800.00, 'C'),
  ('2026-05-02', 1, 5, 2, 4, -950.00, 'D'),
  ('2026-05-03', 1, 6, 2, 5, -101.01, 'D'),
  ('2026-05-05', 1, 7, 2, 6, -29.99, 'D'),
  ('2026-05-06', 1, 8, 3, 7, -76.32, 'D'),
  ('2026-05-03', 1, 9, 3, 8, -86.40, 'D'),
  ('2026-05-08', 1, 1, 1, 1, -118.33, 'D'),
  ('2026-05-17', 1, 1, 1, 1, -82.36, 'D'),
  ('2026-05-11', 1, 2, 1, 1, -69.58, 'D'),
  ('2026-05-20', 1, 3, 1, 2, -27.83, 'D'),
  ('2026-05-08', 1, 4, 1, 3, -11.85, 'D'),
  ('2026-05-15', 1, 11, 4, 11, -15.99, 'D'),
  ('2026-05-28', 1, 10, 4, 10, -21.52, 'D'),
  ('2026-05-01', 1, 12, 4, 12, -24.99, 'D'),
  ('2026-06-01', 1, 15, 6, 16, 2800.00, 'C'),
  ('2026-06-02', 1, 5, 2, 4, -950.00, 'D'),
  ('2026-06-03', 1, 6, 2, 5, -63.36, 'D'),
  ('2026-06-05', 1, 7, 2, 6, -29.99, 'D'),
  ('2026-06-06', 1, 8, 3, 7, -83.18, 'D'),
  ('2026-06-07', 1, 9, 3, 8, -86.40, 'D'),
  ('2026-06-06', 1, 1, 1, 1, -65.30, 'D'),
  ('2026-06-20', 1, 1, 1, 1, -64.88, 'D'),
  ('2026-06-12', 1, 2, 1, 1, -45.83, 'D'),
  ('2026-06-20', 1, 3, 1, 2, -22.55, 'D'),
  ('2026-06-09', 1, 4, 1, 3, -6.40, 'D'),
  ('2026-06-15', 1, 11, 4, 11, -15.99, 'D'),
  ('2026-06-01', 1, 12, 4, 12, -24.99, 'D'),
  ('2026-06-18', 1, 14, 5, 14, -31.90, 'D'),
  ('2026-01-28', 1, NULL, NULL, NULL, -200.00, 'D'),
  ('2026-01-28', 2, NULL, NULL, NULL, 200.00, 'C'),
  ('2026-03-28', 1, NULL, NULL, NULL, -200.00, 'D'),
  ('2026-03-28', 2, NULL, NULL, NULL, 200.00, 'C'),
  ('2026-05-28', 1, NULL, NULL, NULL, -200.00, 'D'),
  ('2026-05-28', 2, NULL, NULL, NULL, 200.00, 'C'),
  ('2026-01-01', 4, 26, 12, 34, 2200.00, 'C'),
  ('2026-01-03', 4, 19, 8, 22, -780.00, 'D'),
  ('2026-01-04', 4, 20, 8, 23, -71.42, 'D'),
  ('2026-01-05', 4, 21, 8, 24, -19.99, 'D'),
  ('2026-01-10', 4, 22, 9, 25, -51.98, 'D'),
  ('2026-01-02', 4, 23, 9, 26, -75.00, 'D'),
  ('2026-01-07', 4, 16, 7, 19, -110.76, 'D'),
  ('2026-01-14', 4, 17, 7, 19, -52.67, 'D'),
  ('2026-01-11', 4, 18, 7, 20, -11.53, 'D'),
  ('2026-01-15', 4, 25, 10, 29, -9.99, 'D'),
  ('2026-02-01', 4, 26, 12, 34, 2200.00, 'C'),
  ('2026-02-03', 4, 19, 8, 22, -780.00, 'D'),
  ('2026-02-04', 4, 20, 8, 23, -58.00, 'D'),
  ('2026-02-05', 4, 21, 8, 24, -19.99, 'D'),
  ('2026-02-11', 4, 22, 9, 25, -52.66, 'D'),
  ('2026-02-01', 4, 23, 9, 26, -75.00, 'D'),
  ('2026-02-11', 4, 16, 7, 19, -100.53, 'D'),
  ('2026-02-17', 4, 17, 7, 19, -45.87, 'D'),
  ('2026-02-18', 4, 18, 7, 20, -18.61, 'D'),
  ('2026-02-15', 4, 25, 10, 29, -9.99, 'D'),
  ('2026-02-12', 4, 24, 10, 28, -18.16, 'D'),
  ('2026-03-01', 4, 26, 12, 34, 2200.00, 'C'),
  ('2026-03-03', 4, 19, 8, 22, -780.00, 'D'),
  ('2026-03-04', 4, 20, 8, 23, -55.73, 'D'),
  ('2026-03-05', 4, 21, 8, 24, -19.99, 'D'),
  ('2026-03-10', 4, 22, 9, 25, -62.53, 'D'),
  ('2026-03-03', 4, 23, 9, 26, -75.00, 'D'),
  ('2026-03-06', 4, 16, 7, 19, -93.48, 'D'),
  ('2026-03-15', 4, 17, 7, 19, -43.61, 'D'),
  ('2026-03-14', 4, 18, 7, 20, -19.72, 'D'),
  ('2026-03-15', 4, 25, 10, 29, -9.99, 'D'),
  ('2026-04-01', 4, 26, 12, 34, 2200.00, 'C'),
  ('2026-04-03', 4, 19, 8, 22, -780.00, 'D'),
  ('2026-04-04', 4, 20, 8, 23, -88.10, 'D'),
  ('2026-04-05', 4, 21, 8, 24, -19.99, 'D'),
  ('2026-04-10', 4, 22, 9, 25, -67.38, 'D'),
  ('2026-04-03', 4, 23, 9, 26, -75.00, 'D'),
  ('2026-04-08', 4, 16, 7, 19, -82.23, 'D'),
  ('2026-04-20', 4, 17, 7, 19, -34.85, 'D'),
  ('2026-04-18', 4, 18, 7, 20, -19.18, 'D'),
  ('2026-04-15', 4, 25, 10, 29, -9.99, 'D'),
  ('2026-04-21', 4, 24, 10, 28, -13.89, 'D'),
  ('2026-05-01', 4, 26, 12, 34, 2200.00, 'C'),
  ('2026-05-03', 4, 19, 8, 22, -780.00, 'D'),
  ('2026-05-04', 4, 20, 8, 23, -50.97, 'D'),
  ('2026-05-05', 4, 21, 8, 24, -19.99, 'D'),
  ('2026-05-08', 4, 22, 9, 25, -66.36, 'D'),
  ('2026-05-03', 4, 23, 9, 26, -75.00, 'D'),
  ('2026-05-08', 4, 16, 7, 19, -74.63, 'D'),
  ('2026-05-18', 4, 17, 7, 19, -58.41, 'D'),
  ('2026-05-11', 4, 18, 7, 20, -17.32, 'D'),
  ('2026-05-15', 4, 25, 10, 29, -9.99, 'D'),
  ('2026-06-01', 4, 26, 12, 34, 2200.00, 'C'),
  ('2026-06-03', 4, 19, 8, 22, -780.00, 'D'),
  ('2026-06-04', 4, 20, 8, 23, -90.80, 'D'),
  ('2026-06-05', 4, 21, 8, 24, -19.99, 'D'),
  ('2026-06-12', 4, 22, 9, 25, -55.98, 'D'),
  ('2026-06-02', 4, 23, 9, 26, -75.00, 'D'),
  ('2026-06-07', 4, 16, 7, 19, -122.78, 'D'),
  ('2026-06-18', 4, 17, 7, 19, -34.95, 'D'),
  ('2026-06-18', 4, 18, 7, 20, -18.72, 'D'),
  ('2026-06-15', 4, 25, 10, 29, -9.99, 'D'),
  ('2026-06-18', 4, 24, 10, 28, -21.57, 'D'),
  ('2026-02-27', 4, NULL, NULL, NULL, -300.00, 'D'),
  ('2026-02-27', 5, NULL, NULL, NULL, 300.00, 'C'),
  ('2026-04-27', 4, NULL, NULL, NULL, -300.00, 'D'),
  ('2026-04-27', 5, NULL, NULL, NULL, 300.00, 'C'),
  ('2026-06-27', 4, NULL, NULL, NULL, -300.00, 'D'),
  ('2026-06-27', 5, NULL, NULL, NULL, 300.00, 'C'),
  ('2026-01-01', 6, NULL, 18, 52, 3500.00, 'C'),
  ('2026-01-02', 6, 30, 14, 40, -1100.00, 'D'),
  ('2026-01-03', 6, 31, 14, 41, -125.73, 'D'),
  ('2026-01-05', 6, 32, 14, 42, -24.99, 'D'),
  ('2026-01-07', 6, 33, 15, 43, -71.39, 'D'),
  ('2026-01-04', 6, 34, 15, 44, -65.00, 'D'),
  ('2026-01-09', 6, 27, 13, 37, -131.99, 'D'),
  ('2026-01-17', 6, 27, 13, 37, -94.98, 'D'),
  ('2026-01-17', 6, 28, 13, 38, -14.18, 'D'),
  ('2026-01-08', 6, 29, 13, 39, -5.45, 'D'),
  ('2026-01-15', 6, 36, 16, 47, -8.99, 'D'),
  ('2026-01-01', 6, 37, 16, 48, -39.90, 'D'),
  ('2026-01-12', 6, 35, 16, 46, -17.06, 'D'),
  ('2026-01-13', 8, 39, 18, 54, 1088.44, 'C'),
  ('2026-02-01', 6, NULL, 18, 52, 3500.00, 'C'),
  ('2026-02-02', 6, 30, 14, 40, -1100.00, 'D'),
  ('2026-02-03', 6, 31, 14, 41, -70.43, 'D'),
  ('2026-02-05', 6, 32, 14, 42, -24.99, 'D'),
  ('2026-02-06', 6, 33, 15, 43, -56.87, 'D'),
  ('2026-02-01', 6, 34, 15, 44, -65.00, 'D'),
  ('2026-02-10', 6, 27, 13, 37, -106.43, 'D'),
  ('2026-02-18', 6, 27, 13, 37, -61.90, 'D'),
  ('2026-02-17', 6, 28, 13, 38, -15.86, 'D'),
  ('2026-02-07', 6, 29, 13, 39, -10.06, 'D'),
  ('2026-02-15', 6, 36, 16, 47, -8.99, 'D'),
  ('2026-02-01', 6, 37, 16, 48, -39.90, 'D'),
  ('2026-02-19', 6, 38, 17, 49, -45.17, 'D'),
  ('2026-02-13', 8, 39, 18, 54, 1284.62, 'C'),
  ('2026-03-01', 6, NULL, 18, 52, 3500.00, 'C'),
  ('2026-03-02', 6, 30, 14, 40, -1100.00, 'D'),
  ('2026-03-03', 6, 31, 14, 41, -118.45, 'D'),
  ('2026-03-05', 6, 32, 14, 42, -24.99, 'D'),
  ('2026-03-07', 6, 33, 15, 43, -52.83, 'D'),
  ('2026-03-04', 6, 34, 15, 44, -65.00, 'D'),
  ('2026-03-06', 6, 27, 13, 37, -113.89, 'D'),
  ('2026-03-17', 6, 27, 13, 37, -93.19, 'D'),
  ('2026-03-10', 6, 28, 13, 38, -24.12, 'D'),
  ('2026-03-15', 6, 29, 13, 39, -5.69, 'D'),
  ('2026-03-15', 6, 36, 16, 47, -8.99, 'D'),
  ('2026-03-01', 6, 37, 16, 48, -39.90, 'D'),
  ('2026-03-18', 6, 35, 16, 46, -18.74, 'D'),
  ('2026-03-11', 8, 39, 18, 54, 748.66, 'C'),
  ('2026-04-01', 6, NULL, 18, 52, 3500.00, 'C'),
  ('2026-04-02', 6, 30, 14, 40, -1100.00, 'D'),
  ('2026-04-03', 6, 31, 14, 41, -81.41, 'D'),
  ('2026-04-05', 6, 32, 14, 42, -24.99, 'D'),
  ('2026-04-09', 6, 33, 15, 43, -54.21, 'D'),
  ('2026-04-02', 6, 34, 15, 44, -65.00, 'D'),
  ('2026-04-06', 6, 27, 13, 37, -117.01, 'D'),
  ('2026-04-20', 6, 27, 13, 37, -96.16, 'D'),
  ('2026-04-17', 6, 28, 13, 38, -26.54, 'D'),
  ('2026-04-13', 6, 29, 13, 39, -5.69, 'D'),
  ('2026-04-15', 6, 36, 16, 47, -8.99, 'D'),
  ('2026-04-01', 6, 37, 16, 48, -39.90, 'D'),
  ('2026-04-20', 6, 38, 17, 49, -59.97, 'D'),
  ('2026-04-10', 8, 39, 18, 54, 1469.00, 'C'),
  ('2026-05-01', 6, NULL, 18, 52, 3500.00, 'C'),
  ('2026-05-02', 6, 30, 14, 40, -1100.00, 'D'),
  ('2026-05-03', 6, 31, 14, 41, -125.58, 'D'),
  ('2026-05-05', 6, 32, 14, 42, -24.99, 'D'),
  ('2026-05-07', 6, 33, 15, 43, -54.99, 'D'),
  ('2026-05-04', 6, 34, 15, 44, -65.00, 'D'),
  ('2026-05-07', 6, 27, 13, 37, -97.10, 'D'),
  ('2026-05-17', 6, 27, 13, 37, -95.12, 'D'),
  ('2026-05-12', 6, 28, 13, 38, -18.82, 'D'),
  ('2026-05-11', 6, 29, 13, 39, -6.86, 'D'),
  ('2026-05-15', 6, 36, 16, 47, -8.99, 'D'),
  ('2026-05-01', 6, 37, 16, 48, -39.90, 'D'),
  ('2026-05-24', 6, 35, 16, 46, -19.42, 'D'),
  ('2026-05-14', 8, 39, 18, 54, 923.01, 'C'),
  ('2026-06-01', 6, NULL, 18, 52, 3500.00, 'C'),
  ('2026-06-02', 6, 30, 14, 40, -1100.00, 'D'),
  ('2026-06-03', 6, 31, 14, 41, -127.44, 'D'),
  ('2026-06-05', 6, 32, 14, 42, -24.99, 'D'),
  ('2026-06-10', 6, 33, 15, 43, -69.86, 'D'),
  ('2026-06-04', 6, 34, 15, 44, -65.00, 'D'),
  ('2026-06-05', 6, 27, 13, 37, -95.19, 'D'),
  ('2026-06-15', 6, 27, 13, 37, -98.44, 'D'),
  ('2026-06-18', 6, 28, 13, 38, -13.10, 'D'),
  ('2026-06-10', 6, 29, 13, 39, -5.40, 'D'),
  ('2026-06-15', 6, 36, 16, 47, -8.99, 'D'),
  ('2026-06-01', 6, 37, 16, 48, -39.90, 'D'),
  ('2026-06-19', 6, 38, 17, 49, -41.69, 'D'),
  ('2026-06-18', 8, 39, 18, 54, 657.43, 'C'),
  ('2026-01-28', 6, NULL, NULL, NULL, -500.00, 'D'),
  ('2026-01-28', 7, NULL, NULL, NULL, 500.00, 'C'),
  ('2026-02-28', 6, NULL, NULL, NULL, -500.00, 'D'),
  ('2026-02-28', 7, NULL, NULL, NULL, 500.00, 'C'),
  ('2026-03-28', 6, NULL, NULL, NULL, -500.00, 'D'),
  ('2026-03-28', 7, NULL, NULL, NULL, 500.00, 'C'),
  ('2026-04-28', 6, NULL, NULL, NULL, -500.00, 'D'),
  ('2026-04-28', 7, NULL, NULL, NULL, 500.00, 'C'),
  ('2026-05-28', 6, NULL, NULL, NULL, -500.00, 'D'),
  ('2026-05-28', 7, NULL, NULL, NULL, 500.00, 'C'),
  ('2026-06-28', 6, NULL, NULL, NULL, -500.00, 'D'),
  ('2026-06-28', 7, NULL, NULL, NULL, 500.00, 'C');